{
	"pattrstorage" : 	{
		"name" : "mypresets",
		"slots" : 		{
			"1" : 			{
				"id" : 1,
				"data" : 				{
					"jit.gl.meshwarp::mw" : [ 						{
							"meshdim" : [ 7, 8 ],
							"nurbs_order" : [ 1, 1 ],
							"layer" : 1.0,
							"blend" : "alphablend",
							"lock_to_aspect" : 0,
							"color" : [ 1, 1, 1, 1 ],
							"grid_color" : [ 0.646690921643284, 0.711235913891337, 0.453618770019562, 1 ],
							"show_ui" : 1,
							"point_size" : 10,
							"grid_size" : 3,
							"apply_mask" : 0,
							"invert_mask" : 0,
							"windowRatio" : 0.905569007263923,
							"positionMat" : 							{
								"scale" : [ 1, 1 ],
								"center" : [ 0.685229934751987, 0.380145311355591 ],
								"rotatez" : 0,
								"planecount" : 3,
								"type" : "float32",
								"dimensions" : [ 7, 8 ],
								"vertices" : "[[-0.3147699534893036,-0.6198546886444092,0],[-0.3542026877403259,-0.35385680198669434,0],[-0.36734694242477417,-0.07471464574337006,0],[-0.36208921670913696,0.21362850069999695,0],[-0.3463161289691925,0.5072293281555176,0],[-0.32791420817375183,0.8021446466445923,0],[-0.3147699534893036,1.0944310426712036,0],[-0.3147699534893036,1.3801453113555908,0],[0.019774029031395912,-0.537530243396759,0],[-0.03885621204972267,-0.2409200817346573,0],[-0.06981436163187027,0.03528190404176712,0],[-0.14847218990325928,0.4696991741657257,0],[-0.025746531784534454,0.570252537727356,0],[0.08739770948886871,0.7843307256698608,0],[-0.02000459097325802,1.0702179670333862,0],[0.010088808834552765,1.3450363874435425,0],[0.353349506855011,-0.521065354347229,0],[0.2445981651544571,-0.23203042149543762,0],[0.179914653301239,0.036665529012680054,0],[-0.21860501170158386,0.1206226646900177,0],[0.23530033230781555,0.5600415468215942,0],[0.2315230369567871,0.9120720624923706,0],[0.2614089846611023,1.0583189725875854,0],[0.34172725677490234,1.3380144834518433,0],[0.6863197088241577,-0.5457626581192017,0],[0.5274472832679749,-0.28204768896102905,0],[0.3342095613479614,-0.15638186037540436,0],[0.3185575604438782,0.14643733203411102,0],[0.40188512206077576,0.505776584148407,0],[0.4426322877407074,0.7065722346305847,0],[0.5510550141334534,1.056762456893921,0],[0.677603006362915,1.3485472202301025,0],[1.019047737121582,-0.5869249105453491,0],[0.8409777879714966,-0.34583187103271484,0],[0.7328490614891052,-0.08730541914701462,0],[0.5550281405448914,0.018706277012825012,0],[0.7005695104598999,0.47053614258766174,0],[0.763495922088623,0.7640954256057739,0],[0.8705177307128906,1.063576579093933,0],[1.0151736736297607,1.366101622581482,0],[1.3518967628479004,-0.6198546886444092,0],[1.2164764404296875,-0.3782427906990051,0],[1.134497880935669,-0.11310962587594986,0],[1.1009800434112549,0.17025253176689148,0],[1.1109418869018555,0.46655139327049255,0],[1.1594027280807495,0.7704946994781494,0],[1.2413814067840576,1.0767900943756104,0],[1.3518967628479004,1.3801453113555908,0],[1.685230016708374,-0.6198546886444092,0],[1.685230016708374,-0.334140419960022,0],[1.685230016708374,-0.04842613637447357,0],[1.685230016708374,0.23728816211223602,0],[1.685230016708374,0.5230024456977844,0],[1.685230016708374,0.8087167739868164,0],[1.685230016708374,1.0944310426712036,0],[1.685230016708374,1.3801453113555908,0]]"
							}

						}
 ]
				}

			}

		}

	}

}
